"brand","total_skus","women_skus","men_skus","polarized_ratio","customizable_ratio","engravable_ratio","on_sale_ratio","min_list_price","median_list_price","max_list_price","avg_discount_pct_on_sale","price_tier"
"Alain Mikli",21,18,12,0.19047619047619047,0,0,0,385,747,3182,,"luxury"
"Armani Exchange",67,25,49,0.11940298507462686,0,0,0.05970149253731343,81,96,117,35,"budget"
"Arnette",51,12,49,0.45098039215686275,0,0,0.11764705882352941,63,98,121,45,"budget"
"Balenciaga",33,30,15,0,0,0,0.30303030303030304,415,575,810,47.1,"luxury"
"Bottega Veneta",28,25,10,0,0,0,0,425,570,775,,"luxury"
"Brunello Cucinelli",39,20,33,0.23076923076923078,0,0,0,718,986,2871,,"luxury"
"Burberry",145,96,60,0.06896551724137931,0.09655172413793103,0.09655172413793103,0.20689655172413793,254,337.5,2422,47.7,"premium"
"Celine",40,34,10,0.025,0,0,0,450,550,600,,"luxury"
"Chloé",29,29,0,0,0,0,0.13793103448275862,175,500,765,45,"luxury"
"Coach",121,98,23,0.10743801652892562,0,0.03305785123966942,0.14049586776859505,171,203,268,45.3,"mid"
"Costa",120,33,98,1,0,0,0.06666666666666667,136,262,382,34.4,"premium"
"DIOR",180,116,64,0.011111111111111112,0,0,0,390,590,970,,"luxury"
"Diesel",34,33,32,0.029411764705882353,0,0,0,186,211,310,,"mid"
"Dolce&Gabbana",190,112,90,0.04736842105263158,0,0,0.26842105263157895,184,415,4491,43.4,"luxury"
"EA7",11,0,11,0,0,0,0,193,264,320,,"premium"
"Emporio Armani",56,14,43,0.21428571428571427,0,0,0.125,94,221,277,41.4,"mid"
"Fendi",27,22,5,0,0,0,0,380,490,620,,"luxury"
"Ferrari",32,24,29,0.4375,0,0,0,563,741,14517,,"luxury"
"Giorgio Armani",90,32,60,0.022222222222222223,0.044444444444444446,0.044444444444444446,0.4888888888888889,325,479,1555,45.2,"luxury"
"Gucci",132,83,55,0.07575757575757576,0,0,0.11363636363636363,305,530,1390,41.2,"luxury"
"Jimmy Choo",55,55,0,0.09090909090909091,0,0,0,261,395,1550,,"premium"
"Loewe",26,22,7,0,0,0,0,360,440,560,,"luxury"
"Maui Jim",113,83,93,0.9557522123893806,0,0,0,199,289,449,,"premium"
"Michael Kors",143,114,31,0.20279720279720279,0.06993006993006994,0.09090909090909091,0.0979020979020979,111,155,371,50,"mid"
"Miu Miu",67,67,0,0,0,0,0.07462686567164178,417,518,696,30,"luxury"
"Moncler",37,37,37,0.16216216216216217,0,0,0,300,431,1436,,"luxury"
"Oakley",523,219,481,0.2390057361376673,0,0,0.14531548757170173,67,225,499,34.7,"mid"
"Oliver Peoples",146,111,125,0.3698630136986301,0,0,0,407,578,2728,,"luxury"
"Persol",131,94,126,0.3969465648854962,0,0,0.07633587786259542,329,422,1270,35,"luxury"
"Polo Ralph Lauren",47,11,41,0.2127659574468085,0,0,0.10638297872340426,100,186,280,46,"mid"
"Prada",190,111,85,0.11578947368421053,0,0,0.20526315789473684,370,540,1331,30,"luxury"
"Prada Linea Rossa",59,2,57,0.288135593220339,0,0,0.2033898305084746,341,453,667,30,"luxury"
"Ralph",33,33,0,0.3939393939393939,0,0,0.12121212121212122,90,116,148,40,"budget"
"Ralph Lauren",36,31,6,0.027777777777777776,0.027777777777777776,0.08333333333333333,0.2777777777777778,220,331,489,44,"premium"
"Ray-Ban",519,450,486,0.3603082851637765,0.22350674373795762,0.01348747591522158,0.1791907514450867,118,218,1277,35.1,"mid"
"Saint Laurent",92,82,37,0,0,0,0.16304347826086957,305,535,960,45,"luxury"
"Scuderia Ferrari",24,2,24,0.20833333333333334,0,0,0,111,185,217,,"mid"
"Sunglass Hut Collection",6,4,3,0.16666666666666666,0,0,1,99,105,126,50,"budget"
"Swarovski",59,59,0,0.11864406779661017,0,0,0.22033898305084745,196,282,1852,42.3,"premium"
"Tiffany & Co.",108,107,10,0.14814814814814814,0,0,0.16666666666666666,382,489,1691,40,"luxury"
"Tom Ford",81,29,57,0.09876543209876543,0,0,0.07407407407407407,310,490,1880,35.7,"luxury"
"Tory Burch",65,65,0,0.1076923076923077,0,0.046153846153846156,0.06153846153846154,179,210,300,50,"mid"
"Versace",167,103,82,0.09580838323353294,0.10179640718562874,0.10778443113772455,0.20958083832335328,269,384,14617,38.1,"premium"
"Vogue Eyewear",65,55,11,0.15384615384615385,0.015384615384615385,0.015384615384615385,0.2153846153846154,69,91,130,35.7,"budget"
